{
  "train_loss": [
    0.8513592567918528,
    0.30452091203016396,
    0.1929051786391444,
    0.11800800091945209,
    0.09375279730531424,
    0.07104965601099562,
    0.04637488373871303,
    0.04851520579830824,
    0.03575404581710764,
    0.02582050596966463,
    0.04188330319807001,
    0.0763598031941717,
    0.05708178159742873,
    0.0239522251178304,
    0.019895370733582867
  ],
  "train_acc": [
    0.6742081447963801,
    0.9078054298642534,
    0.9445701357466063,
    0.9705882352941176,
    0.9739819004524887,
    0.9779411764705882,
    0.9892533936651584,
    0.9864253393665159,
    0.9915158371040724,
    0.9937782805429864,
    0.9852941176470589,
    0.9745475113122172,
    0.9830316742081447,
    0.9932126696832579,
    0.9949095022624435
  ],
  "val_loss": [
    0.511844070946298,
    0.33329370399800745,
    0.2916973894689141,
    0.3617160004086611,
    0.3260241368921792,
    0.33137054850415487,
    0.2797928281673571,
    0.26505186572307493,
    0.2486649579027804,
    0.25307167121549934,
    0.29491047125037123,
    0.35414602807382256,
    0.27953890729241254,
    0.3213865529836678,
    0.2625172536184148
  ],
  "val_acc": [
    0.8353658536585366,
    0.875,
    0.8932926829268293,
    0.8689024390243902,
    0.9085365853658537,
    0.9207317073170732,
    0.926829268292683,
    0.9207317073170732,
    0.9451219512195121,
    0.9207317073170732,
    0.926829268292683,
    0.8841463414634146,
    0.926829268292683,
    0.926829268292683,
    0.9451219512195121
  ]
}